{
  "drums_volume": 0.980000019,
  "note": [
    210,
    211,
    212,
    213,
    214,
    215,
    24,
    25,
    26,
    27,
    28,
    29,
    30,
    31,
    32,
    33,
    34,
    35,
    36,
    37,
    38,
    39,
    40,
    41,
    42,
    43,
    44,
    45,
    46,
    47,
    48,
    49,
    50,
    51,
    52,
    53,
    54,
    55,
    56,
    57,
    58,
    59,
    60,
    61,
    62,
    63,
    64,
    65,
    66,
    67,
    68,
    69,
    70,
    71,
    72,
    73,
    74,
    75,
    76,
    77,
    78,
    79,
    80,
    81,
    82,
    83,
    84,
    85,
    86,
    87,
    88,
    89,
    90,
    91,
    92,
    93,
    94,
    95,
    96,
    97,
    98,
    99,
    100,
    101,
    102,
    103,
    104,
    105,
    106,
    107
  ],
  "pitch": [
    0.180000007,
    0.209999993,
    0.209999993,
    1,
    1,
    1,
    0.670000017,
    1,
    1,
    1,
    1,
    1,
    1,
    1,
    1,
    1,
    1,
    1,
    1,
    1,
    1,
    1,
    1,
    1,
    1,
    1,
    1,
    1,
    1,
    1.200000048,
    1,
    1,
    1,
    1.100000024,
    1.220000029,
    1,
    1.399999976,
    1,
    1,
    1,
    1,
    1,
    1,
    1,
    1,
    1,
    1,
    1,
    1,
    1,
    1,
    1,
    1,
    1,
    0.899999976,
    1,
    1,
    1,
    1,
    1,
    1,
    1,
    1,
    1,
    1,
    1,
    1.419999957,
    1,
    1,
    1,
    1,
    1,
    1,
    1,
    1,
    1,
    1,
    1,
    1.370000005,
    1,
    1,
    1,
    1,
    1,
    1,
    1,
    1,
    1,
    1,
    1
  ],
  "p_offset": [
    2,
    1,
    1,
    1,
    1,
    1,
    0,
    0,
    0,
    0,
    0,
    0,
    0,
    0,
    0,
    0,
    0,
    0,
    0,
    0,
    0,
    0,
    0,
    0,
    0,
    0,
    0,
    0,
    0,
    0,
    0,
    0,
    0,
    0,
    0,
    0,
    0,
    0,
    0,
    0,
    0,
    0,
    0,
    0,
    0,
    0,
    0,
    0,
    0,
    0,
    0,
    0,
    0,
    0,
    0,
    0,
    0,
    0,
    0,
    0,
    0,
    0,
    0,
    0,
    0,
    0,
    0,
    0,
    0,
    0,
    0,
    0,
    0,
    0,
    0,
    0,
    0,
    0,
    2,
    0,
    0,
    0,
    0,
    0,
    0,
    0,
    0,
    0,
    0,
    0
  ],
  "pan": [
    0,
    0,
    0,
    0,
    0,
    0,
    0,
    0,
    0,
    0,
    0,
    0,
    0,
    0,
    0,
    0,
    0,
    0,
    0,
    0,
    0,
    0,
    0,
    0,
    0,
    0,
    0,
    0,
    0,
    0,
    0,
    0,
    0,
    0,
    0,
    0,
    0,
    0,
    0,
    0,
    0,
    0,
    0,
    0,
    0,
    0,
    0,
    0.280000001,
    0.340000004,
    0.100000001,
    0,
    0,
    0.189999998,
    0,
    0,
    -0.109999999,
    -0.129999995,
    0,
    0,
    0,
    0.319999993,
    0,
    0,
    0,
    -0.200000003,
    0,
    0.270000011,
    0,
    0,
    0.079999998,
    0,
    0,
    -0.439999998,
    -0.150000006,
    0,
    0,
    0,
    0,
    0,
    -0.25,
    0,
    0,
    0,
    0,
    0,
    0,
    0,
    0,
    0,
    0
  ],
  "vol_max": [
    1,
    1,
    1,
    0.49000001,
    1,
    1,
    1,
    0.800000012,
    0.800000012,
    0.800000012,
    0.800000012,
    0.800000012,
    0.800000012,
    0.800000012,
    0.800000012,
    0.800000012,
    0.800000012,
    0.800000012,
    0.800000012,
    0.800000012,
    0.800000012,
    0.800000012,
    0.800000012,
    0.800000012,
    0.800000012,
    0.800000012,
    0.800000012,
    1,
    0.699999988,
    1,
    0.699999988,
    1,
    0.699999988,
    1,
    0.810000002,
    1,
    1,
    1,
    1,
    1,
    1,
    1,
    1,
    1,
    1,
    1,
    1,
    0.75,
    0.560000002,
    1,
    1,
    1,
    0.790000021,
    0.730000019,
    0.579999983,
    0.600000024,
    0.550000012,
    0.930000007,
    1,
    1,
    0.860000014,
    0.74000001,
    0.899999976,
    0.899999976,
    0.800000012,
    0.800000012,
    0.769999981,
    0.800000012,
    0.800000012,
    0.829999983,
    1,
    0.779999971,
    0.629999995,
    0.899999976,
    0.939999998,
    0.899999976,
    0.899999976,
    0.899999976,
    1,
    0.899999976,
    0.899999976,
    1,
    1,
    1,
    1,
    1,
    1,
    1,
    0.899999976,
    0.800000012
  ],
  "reverb_send": [
    0,
    0,
    0,
    0,
    0,
    0,
    0,
    0,
    0,
    0,
    0,
    0,
    0,
    0,
    0,
    0.180000007,
    0,
    0,
    0,
    0,
    0,
    0,
    0,
    0,
    0,
    0,
    0.079999998,
    0,
    0,
    0,
    0,
    0,
    0,
    0,
    0.680000007,
    0,
    0,
    0,
    0,
    0,
    0,
    0,
    0,
    0,
    0,
    0,
    0,
    0,
    0.519999981,
    0.579999983,
    0,
    0,
    0,
    0,
    0,
    0.200000003,
    0,
    0.649999976,
    0,
    0,
    0,
    0,
    0,
    0,
    0.519999981,
    0,
    0,
    0,
    0,
    0.200000003,
    0,
    0,
    0.460000008,
    0.25,
    0.660000026,
    0,
    0,
    0.689999998,
    0,
    0,
    0,
    0,
    0,
    0,
    0,
    0,
    0,
    0,
    0,
    0
  ],
  "f_mode": [
    0,
    0,
    0,
    0,
    0,
    0,
    0,
    0,
    0,
    0,
    0,
    0,
    0,
    0,
    0,
    0,
    0,
    0,
    0,
    0,
    0,
    0,
    0,
    0,
    0,
    0,
    0,
    0,
    0,
    0,
    0,
    0,
    0,
    0,
    0,
    0,
    0,
    0,
    0,
    0,
    0,
    0,
    0,
    0,
    0,
    0,
    0,
    0,
    0,
    0,
    0,
    0,
    0,
    0,
    0,
    0,
    0,
    0,
    0,
    0,
    0,
    0,
    0,
    0,
    0,
    0,
    0,
    0,
    0,
    0,
    0,
    0,
    0,
    0,
    0,
    0,
    0,
    0,
    0,
    0,
    0,
    0,
    0,
    0,
    0,
    0,
    0,
    0,
    0,
    0
  ],
  "f_freq": [
    0,
    0,
    0,
    0,
    0,
    0,
    0,
    0,
    0,
    0,
    0,
    0,
    0,
    0,
    0,
    0,
    0,
    0,
    0,
    0,
    0,
    0,
    0,
    0,
    0,
    0,
    0.99000001,
    0,
    0,
    0,
    0,
    0,
    0,
    0,
    0,
    0,
    0,
    0,
    0,
    0,
    0,
    0,
    0,
    0,
    0,
    0,
    0,
    0,
    0,
    0,
    0,
    0,
    0,
    0,
    0,
    0,
    0,
    0,
    0,
    0,
    0,
    0,
    0,
    0,
    0,
    0,
    0,
    0,
    0,
    0,
    0,
    0,
    0,
    0,
    0,
    0,
    0,
    0,
    0,
    0,
    0,
    0,
    0,
    0,
    0,
    0,
    0,
    0,
    0,
    0
  ],
  "f_q": [
    0,
    0,
    0,
    0,
    0,
    0,
    0,
    0.200000003,
    0.200000003,
    0.200000003,
    0.200000003,
    0.200000003,
    0.200000003,
    0.200000003,
    0.200000003,
    0.200000003,
    0.200000003,
    0.200000003,
    0.200000003,
    0.200000003,
    0.200000003,
    0.200000003,
    0.200000003,
    0.200000003,
    0.200000003,
    0.200000003,
    0.200000003,
    0,
    0,
    0,
    0,
    0,
    0,
    0,
    0,
    0,
    0,
    0,
    0,
    0,
    0,
    0,
    0,
    0,
    0,
    0,
    0,
    0,
    0,
    0,
    0,
    0,
    0,
    0,
    0,
    0,
    0,
    0,
    0,
    0,
    0,
    0,
    0,
    0,
    0,
    0,
    0,
    0,
    0,
    0,
    0,
    0,
    0,
    0,
    0,
    0,
    0,
    0,
    0,
    0,
    0,
    0,
    0,
    0,
    0,
    0,
    0,
    0,
    0,
    0
  ],
  "d1": [
    0,
    0,
    0,
    0,
    0,
    0,
    0,
    0,
    0,
    0,
    0,
    0,
    0,
    0,
    0,
    0.189999998,
    0,
    0,
    0,
    0,
    0,
    0,
    0,
    0,
    0,
    0,
    0.090000004,
    0,
    0,
    0,
    0,
    0,
    0,
    0,
    0,
    0,
    0,
    0,
    0,
    0,
    0,
    0,
    0,
    0,
    0,
    0,
    0,
    0,
    0,
    0,
    0,
    0,
    0,
    0,
    0,
    0,
    0,
    0,
    0,
    0,
    0,
    0,
    0,
    0,
    0,
    0,
    0,
    0,
    0,
    0,
    0,
    0,
    0,
    0,
    0,
    0,
    0,
    0,
    0,
    0,
    0,
    0,
    0,
    0,
    0,
    0,
    0,
    0,
    0,
    0
  ],