{
  "f_low": 140,
  "f_mid": 2100,
  "f_upper_mid": 5200,
  "f_high": 8600,
  "g_gain": 0.199999854,
  "g_low": 0.099999934,
  "g_mid": -0.100000001,
  "g_upper_mid": 0.100000001,
  "g_high": 2.980232239e-8,
  "active": false,
  "t_low": 5,
  "t_mid": 13,
  "t_upper_mid": 12,
  "q_low": 0.300000012,
  "q_mid": 0.100000001,
  "q_upper_mid": 0.100000001,
  "q_high": 0.5,
  "s_low": false,
  "s_mid": false,
  "s_upper_mid": false,
  "s_high": false,
  "g_ratio": 10
}