{
  "f_low": 80,
  "f_mid": 690,
  "f_upper_mid": 3900,
  "f_high": 9130,
  "g_gain": 7.999996662,
  "g_low": 5.600003242,
  "g_mid": 1.099999905,
  "g_upper_mid": 6.299998283,
  "g_high": 6.000002861,
  "active": true,
  "t_low": 8,
  "t_mid": 15,
  "t_upper_mid": 10,
  "q_low": 0.300000012,
  "q_mid": 0.100000001,
  "q_upper_mid": 0.300000012,
  "q_high": 0.100000001,
  "s_low": false,
  "s_mid": false,
  "s_upper_mid": false,
  "s_high": false,
  "g_ratio": 10
}