{
  "f_low": 100,
  "f_mid": 1020,
  "f_upper_mid": 5200,
  "f_high": 10010,
  "g_gain": 6.943941116e-6,
  "g_low": -0.299999714,
  "g_mid": -0.300000072,
  "g_upper_mid": 0.49999994,
  "g_high": 8.642673492e-7,
  "active": false,
  "t_low": 4,
  "t_mid": 13,
  "t_upper_mid": 16,
  "q_low": 0.300000012,
  "q_mid": 0.100000001,
  "q_upper_mid": 0.300000012,
  "q_high": 0.100000001,
  "s_low": false,
  "s_mid": false,
  "s_upper_mid": false,
  "s_high": false,
  "g_ratio": 10
}