{
  "f_low": 590,
  "f_mid": 1030,
  "f_upper_mid": 5200,
  "f_high": 8600,
  "g_gain": 0.599999845,
  "g_low": 0.099999934,
  "g_mid": -0.100000001,
  "g_upper_mid": 0.100000001,
  "g_high": -4.082918167e-6,
  "active": false,
  "t_low": 5,
  "t_mid": 8,
  "t_upper_mid": 12,
  "q_low": 0.100000001,
  "q_mid": 0.100000001,
  "q_upper_mid": 0.100000001,
  "q_high": 0.5,
  "s_low": false,
  "s_mid": false,
  "s_upper_mid": false,
  "s_high": false,
  "g_ratio": 9
}