{
  "drums_volume": 0.949999988,
  "note": [
    210,
    211,
    212,
    213,
    214,
    215,
    24,
    25,
    26,
    27,
    28,
    29,
    30,
    31,
    32,
    33,
    34,
    35,
    36,
    37,
    38,
    39,
    40,
    41,
    42,
    43,
    44,
    45,
    46,
    47,
    48,
    49,
    50,
    51,
    52,
    53,
    54,
    55,
    56,
    57,
    58,
    59,
    60,
    61,
    62,
    63,
    64,
    65,
    66,
    67,
    68,
    69,
    70,
    71,
    72,
    73,
    74,
    75,
    76,
    77,
    78,
    79,
    80,
    81,
    82,
    83,
    84,
    85,
    86,
    87,
    88,
    89,
    90,
    91,
    92,
    93,
    94,
    95,
    96,
    97,
    98,
    99,
    100,
    101,
    102,
    103,
    104,
    105,
    106,
    107
  ],
  "pitch": [
    0.99000001,
    1,
    1,
    0.479999989,
    1,
    1,
    1,
    1,
    1,
    1,
    1,
    1,
    1,
    1,
    1,
    1,
    1,
    1,
    1,
    1,
    1,
    1,
    1,
    1,
    1,
    1,
    1,
    1,
    0.920000017,
    1,
    1,
    1,
    1,
    1,
    1.200000048,
    1,
    1,
    1,
    1.100000024,
    1.299999952,
    1,
    1.399999976,
    1,
    1,
    1,
    1,
    1,
    1,
    1,
    1,
    1,
    1,
    1,
    1,
    1,
    1.159999967,
    1,
    1,
    1.149999976,
    1,
    1,
    1,
    1,
    1,
    1,
    1,
    1.230000019,
    1,
    1,
    1,
    1,
    1,
    1,
    1,
    1,
    1,
    1,
    0.079999998,
    1.00999999,
    1,
    1,
    1,
    1,
    1,
    1,
    1,
    1,
    1,
    1,
    1
  ],
  "p_offset": [
    0.790000021,
    1,
    1,
    0.579999983,
    1,
    1,
    0,
    0,
    0,
    0,
    0,
    0,
    0,
    0,
    0,
    0,
    0,
    0,
    0,
    0,
    0,
    0,
    0,
    0,
    0,
    0,
    0,
    0.430000007,
    0.720000029,
    0,
    0,
    0,
    0,
    0,
    0,
    0,
    0,
    0,
    0,
    0,
    0,
    0,
    0,
    0,
    0,
    0,
    0,
    0,
    0,
    0,
    0,
    0,
    0,
    0,
    0,
    1.019999981,
    1,
    1,
    1.029999971,
    0.99000001,
    0,
    0,
    0,
    0,
    0,
    0,
    0,
    0,
    0,
    0,
    0,
    0,
    0.389999986,
    0,
    1,
    1.860000014,
    0,
    0,
    1.080000043,
    0,
    0,
    0,
    0,
    0,
    0,
    0,
    0,
    0,
    0,
    0
  ],
  "pan": [
    0,
    0,
    0,
    0,
    0,
    0,
    0,
    0,
    0,
    0,
    0,
    0,
    0,
    0,
    0,
    0,
    0,
    0,
    0,
    0,
    0,
    0,
    0,
    0,
    0,
    0,
    0,
    0,
    0,
    0,
    0,
    0,
    0,
    0,
    0,
    0,
    0,
    0,
    0,
    0,
    0,
    0,
    0,
    0,
    0,
    0,
    0,
    0,
    0,
    0,
    0,
    0,
    -0.200000003,
    -0.200000003,
    0.100000001,
    0,
    0,
    0.150000006,
    0,
    0,
    0,
    0,
    0,
    0,
    0,
    0,
    -0.939999998,
    0,
    0,
    -0.200000003,
    0.600000024,
    0.200000003,
    0.119999997,
    0,
    0.029999999,
    0,
    0,
    0,
    0,
    0,
    0,
    0,
    0,
    0,
    0,
    0,
    0,
    0,
    0,
    0
  ],
  "vol_max": [
    1.200000048,
    0.540000021,
    0.519999981,
    0.699999988,
    0.800000012,
    1,
    1,
    0.800000012,
    0.800000012,
    0.800000012,
    0.800000012,
    0.800000012,
    0.800000012,
    0.800000012,
    0.800000012,
    0.800000012,
    0.800000012,
    0.800000012,
    0.800000012,
    0.800000012,
    0.800000012,
    0.800000012,
    0.800000012,
    0.800000012,
    0.800000012,
    0.800000012,
    0.800000012,
    1,
    0.949999988,
    1,
    1,
    1,
    1,
    0.699999988,
    1,
    0.699999988,
    1,
    0.699999988,
    1,
    1,
    1,
    1,
    1,
    1,
    1,
    1,
    1,
    1,
    1,
    1,
    1,
    1,
    0.899999976,
    0.699999988,
    1,
    0.889999986,
    0.889999986,
    0.389999986,
    0.660000026,
    0.939999998,
    0.779999971,
    0.899999976,
    1,
    1,
    1,
    0.899999976,
    0.810000002,
    0.899999976,
    0.899999976,
    0.800000012,
    0.389999986,
    0.800000012,
    0.689999998,
    0.800000012,
    0.839999974,
    0.620000005,
    0.899999976,
    0.899999976,
    0.839999974,
    0.899999976,
    0.899999976,
    0.899999976,
    0.899999976,
    0.800000012,
    0.899999976,
    0.899999976,
    1,
    1,
    0.899999976,
    0.800000012
  ],
  "reverb_send": [
    0,
    0.899999976,
    0.860000014,
    0.50999999,
    0,
    0,
    0,
    0,
    0,
    0,
    0,
    0,
    0,
    0,
    0,
    0.180000007,
    0,
    0,
    0,
    0,
    0,
    0,
    0,
    0,
    0,
    0,
    0.079999998,
    0,
    0.449999988,
    0,
    0,
    0,
    0,
    0,
    0,
    0,
    0,
    0,
    0,
    0,
    0,
    0,
    0,
    0,
    0,
    0,
    0,
    0,
    0,
    0,
    0,
    0,
    0,
    0,
    0.100000001,
    0,
    0,
    0.300000012,
    0.059999999,
    0,
    0,
    0,
    0,
    0,
    0,
    0,
    0.200000003,
    0,
    0,
    0,
    0.119999997,
    0,
    0,
    0,
    0.150000006,
    0.170000002,
    0,
    0,
    0,
    0,
    0,
    0,
    0,
    0,
    0,
    0,
    0,
    0,
    0,
    0
  ],
  "f_mode": [
    0,
    0,
    0,
    0,
    0,
    0,
    0,
    0,
    0,
    0,
    0,
    0,
    0,
    0,
    0,
    0,
    0,
    0,
    0,
    0,
    0,
    0,
    0,
    0,
    0,
    0,
    0,
    0,
    0,
    0,
    0,
    0,
    0,
    0,
    0,
    0,
    0,
    0,
    0,
    0,
    0,
    0,
    0,
    0,
    0,
    0,
    0,
    0,
    0,
    0,
    0,
    0,
    0,
    0,
    0,
    0,
    0,
    0,
    0,
    0,
    0,
    0,
    0,
    0,
    0,
    0,
    0,
    0,
    0,
    0,
    0,
    0,
    0,
    0,
    0,
    0,
    0,
    0,
    0,
    0,
    0,
    0,
    0,
    0,
    0,
    0,
    0,
    0,
    0,
    0
  ],
  "f_freq": [
    0,
    0,
    0,
    0,
    0,
    0,
    0,
    0,
    0,
    0,
    0,
    0,
    0,
    0,
    0,
    0,
    0,
    0,
    0,
    0,
    0,
    0,
    0,
    0,
    0,
    0,
    0.99000001,
    0,
    0,
    0,
    0,
    0,
    0,
    0,
    0,
    0,
    0,
    0,
    0,
    0,
    0,
    0,
    0,
    0,
    0,
    0,
    0,
    0,
    0,
    0,
    0,
    0,
    0,
    0,
    0,
    0,
    0,
    0,
    0,
    0,
    0,
    0,
    0,
    0,
    0,
    0,
    0,
    0,
    0,
    0,
    0,
    0,
    0,
    0,
    0,
    0,
    0,
    0,
    0,
    0,
    0,
    0,
    0,
    0,
    0,
    0,
    0,
    0,
    0,
    0
  ],
  "f_q": [
    0,
    0,
    0,
    0,
    0,
    0,
    0,
    0.200000003,
    0.200000003,
    0.200000003,
    0.200000003,
    0.200000003,
    0.200000003,
    0.200000003,
    0.200000003,
    0.200000003,
    0.200000003,
    0.200000003,
    0.200000003,
    0.200000003,
    0.200000003,
    0.200000003,
    0.200000003,
    0.200000003,
    0.200000003,
    0.200000003,
    0.200000003,
    0,
    0,
    0,
    0,
    0,
    0,
    0,
    0,
    0,
    0,
    0,
    0,
    0,
    0,
    0,
    0,
    0,
    0,
    0,
    0,
    0,
    0,
    0,
    0,
    0,
    0,
    0,
    0,
    0,
    0,
    0,
    0,
    0,
    0,
    0,
    0,
    0,
    0,
    0,
    0,
    0,
    0,
    0,
    0,
    0,
    0,
    0,
    0,
    0,
    0,
    0,
    0,
    0,
    0,
    0,
    0,
    0,
    0,
    0,
    0,
    0,
    0,
    0
  ],
  "d1": [
    0,
    0,
    0,
    0,
    0,
    0,
    0,
    0,
    0,
    0,
    0,
    0,
    0,
    0,
    0,
    0.189999998,
    0,
    0,
    0,
    0,
    0,
    0,
    0,
    0,
    0,
    0,
    0.090000004,
    0,
    0,
    0,
    0,
    0,
    0,
    0,
    0,
    0,
    0,
    0,
    0,
    0,
    0,
    0,
    0,
    0,
    0,
    0,
    0,
    0,
    0,
    0,
    0,
    0,
    0,
    0,
    0,
    0,
    0,
    0,
    0,
    0,
    0,
    0,
    0,
    0,
    0,
    0,
    0,
    0,
    0,
    0,
    0,
    0,
    0,
    0,
    0,
    0,
    0,
    0,
    0,
    0,
    0,
    0,
    0,
    0,
    0,
    0,
    0,
    0,
    0,
    0
  ],