{
  "f_low": 140,
  "f_mid": 1020,
  "f_upper_mid": 5200,
  "f_high": 8600,
  "g_gain": 5.199999809,
  "g_low": -0.100000069,
  "g_mid": -0.300000072,
  "g_upper_mid": 0.300000072,
  "g_high": 1.490116119e-7,
  "active": true,
  "t_low": 4,
  "t_mid": 9,
  "t_upper_mid": 12,
  "q_low": 0.300000012,
  "q_mid": 0.100000001,
  "q_upper_mid": 0.300000012,
  "q_high": 0.5,
  "s_low": false,
  "s_mid": false,
  "s_upper_mid": false,
  "s_high": false,
  "g_ratio": 10
}