{
  "f_low": 80,
  "f_mid": 690,
  "f_upper_mid": 3900,
  "f_high": 10000,
  "g_gain": -0.799993038,
  "g_low": 0.900000274,
  "g_mid": 1.099999905,
  "g_upper_mid": 1.100000024,
  "g_high": -1.399999142,
  "active": false,
  "t_low": 6,
  "t_mid": 10,
  "t_upper_mid": 12,
  "q_low": 0.300000012,
  "q_mid": 0.100000001,
  "q_upper_mid": 0.300000012,
  "q_high": 0.100000001,
  "s_low": false,
  "s_mid": false,
  "s_upper_mid": false,
  "s_high": false,
  "g_ratio": 10
}