{
  "f_low": 80,
  "f_mid": 1020,
  "f_upper_mid": 5200,
  "f_high": 10000,
  "g_gain": 7.000004768,
  "g_low": 1.100000143,
  "g_mid": 1.099999905,
  "g_upper_mid": 0.49999994,
  "g_high": 1.40000093,
  "active": true,
  "t_low": 4,
  "t_mid": 7,
  "t_upper_mid": 12,
  "q_low": 0.100000016,
  "q_mid": 0.300000012,
  "q_upper_mid": 0.300000012,
  "q_high": 0.799999714,
  "s_low": false,
  "s_mid": false,
  "s_upper_mid": false,
  "s_high": false,
  "g_ratio": 10
}