{
  "f_low": 80,
  "f_mid": 690,
  "f_upper_mid": 3600,
  "f_high": 8800,
  "g_gain": 6.000005722,
  "g_low": 0.900000274,
  "g_mid": 0.699999928,
  "g_upper_mid": 0.900000036,
  "g_high": 2.200004339,
  "active": true,
  "t_low": 6,
  "t_mid": 10,
  "t_upper_mid": 8,
  "q_low": 0.300000012,
  "q_mid": 0.100000001,
  "q_upper_mid": 0.300000012,
  "q_high": 0.600000024,
  "s_low": false,
  "s_mid": false,
  "s_upper_mid": false,
  "s_high": false,
  "g_ratio": 10
}